[{"model": "contenttypes.contenttype", "pk": 1, "fields": {"app_label": "admin", "model": "logentry"}}, {"model": "contenttypes.contenttype", "pk": 2, "fields": {"app_label": "auth", "model": "permission"}}, {"model": "contenttypes.contenttype", "pk": 3, "fields": {"app_label": "auth", "model": "user"}}, {"model": "contenttypes.contenttype", "pk": 4, "fields": {"app_label": "auth", "model": "group"}}, {"model": "contenttypes.contenttype", "pk": 5, "fields": {"app_label": "contenttypes", "model": "contenttype"}}, {"model": "contenttypes.contenttype", "pk": 6, "fields": {"app_label": "sessions", "model": "session"}}, {"model": "contenttypes.contenttype", "pk": 7, "fields": {"app_label": "classifieds", "model": "profile"}}, {"model": "contenttypes.contenttype", "pk": 8, "fields": {"app_label": "classifieds", "model": "posting"}}, {"model": "contenttypes.contenttype", "pk": 9, "fields": {"app_label": "classifieds", "model": "massage"}}, {"model": "contenttypes.contenttype", "pk": 10, "fields": {"app_label": "classifieds", "model": "forum_post"}}, {"model": "contenttypes.contenttype", "pk": 11, "fields": {"app_label": "classifieds", "model": "forum_topic"}}, {"model": "sessions.session", "pk": "bopfzrcj1pb2f1j2vgvg599xk3c8ec7s", "fields": {"session_data": "ODVmODA1YTY5ZWM5NTBjZTk2OGY5MDExMWVjNzk1Y2U0YWEzZTY3Zjp7Il9hdXRoX3VzZXJfaGFzaCI6ImI5NWRkZWQwYmUwZjg0YTRmNThkMWY0NjIzMzNmN2M0MmNhODAzMmIiLCJfYXV0aF91c2VyX2JhY2tlbmQiOiJkamFuZ28uY29udHJpYi5hdXRoLmJhY2tlbmRzLk1vZGVsQmFja2VuZCIsIl9hdXRoX3VzZXJfaWQiOiIyIn0=", "expire_date": "2018-05-14T02:06:53.390Z"}}, {"model": "sessions.session", "pk": "n0xbw4wmad8ecudwrdwsejsocvncsxn2", "fields": {"session_data": "OTdkNjJkODZjMTI2YWUzNDgyZTY5NzRlM2JlY2ViYWNiZDMwZDI1Yzp7Il9hdXRoX3VzZXJfaGFzaCI6ImIwNzdmMDdlNGU5OGZmNzhkNWRhOGMxN2RmMjBkY2VjYWE1Y2EyN2UiLCJfYXV0aF91c2VyX2JhY2tlbmQiOiJkamFuZ28uY29udHJpYi5hdXRoLmJhY2tlbmRzLk1vZGVsQmFja2VuZCIsIl9hdXRoX3VzZXJfaWQiOiIzIn0=", "expire_date": "2018-05-18T19:48:21.806Z"}}, {"model": "auth.permission", "pk": 1, "fields": {"name": "Can add log entry", "content_type": 1, "codename": "add_logentry"}}, {"model": "auth.permission", "pk": 2, "fields": {"name": "Can change log entry", "content_type": 1, "codename": "change_logentry"}}, {"model": "auth.permission", "pk": 3, "fields": {"name": "Can delete log entry", "content_type": 1, "codename": "delete_logentry"}}, {"model": "auth.permission", "pk": 4, "fields": {"name": "Can add permission", "content_type": 2, "codename": "add_permission"}}, {"model": "auth.permission", "pk": 5, "fields": {"name": "Can change permission", "content_type": 2, "codename": "change_permission"}}, {"model": "auth.permission", "pk": 6, "fields": {"name": "Can delete permission", "content_type": 2, "codename": "delete_permission"}}, {"model": "auth.permission", "pk": 7, "fields": {"name": "Can add user", "content_type": 3, "codename": "add_user"}}, {"model": "auth.permission", "pk": 8, "fields": {"name": "Can change user", "content_type": 3, "codename": "change_user"}}, {"model": "auth.permission", "pk": 9, "fields": {"name": "Can delete user", "content_type": 3, "codename": "delete_user"}}, {"model": "auth.permission", "pk": 10, "fields": {"name": "Can add group", "content_type": 4, "codename": "add_group"}}, {"model": "auth.permission", "pk": 11, "fields": {"name": "Can change group", "content_type": 4, "codename": "change_group"}}, {"model": "auth.permission", "pk": 12, "fields": {"name": "Can delete group", "content_type": 4, "codename": "delete_group"}}, {"model": "auth.permission", "pk": 13, "fields": {"name": "Can add content type", "content_type": 5, "codename": "add_contenttype"}}, {"model": "auth.permission", "pk": 14, "fields": {"name": "Can change content type", "content_type": 5, "codename": "change_contenttype"}}, {"model": "auth.permission", "pk": 15, "fields": {"name": "Can delete content type", "content_type": 5, "codename": "delete_contenttype"}}, {"model": "auth.permission", "pk": 16, "fields": {"name": "Can add session", "content_type": 6, "codename": "add_session"}}, {"model": "auth.permission", "pk": 17, "fields": {"name": "Can change session", "content_type": 6, "codename": "change_session"}}, {"model": "auth.permission", "pk": 18, "fields": {"name": "Can delete session", "content_type": 6, "codename": "delete_session"}}, {"model": "auth.permission", "pk": 19, "fields": {"name": "Can add profile", "content_type": 7, "codename": "add_profile"}}, {"model": "auth.permission", "pk": 20, "fields": {"name": "Can change profile", "content_type": 7, "codename": "change_profile"}}, {"model": "auth.permission", "pk": 21, "fields": {"name": "Can delete profile", "content_type": 7, "codename": "delete_profile"}}, {"model": "auth.permission", "pk": 22, "fields": {"name": "Can add posting", "content_type": 8, "codename": "add_posting"}}, {"model": "auth.permission", "pk": 23, "fields": {"name": "Can change posting", "content_type": 8, "codename": "change_posting"}}, {"model": "auth.permission", "pk": 24, "fields": {"name": "Can delete posting", "content_type": 8, "codename": "delete_posting"}}, {"model": "auth.permission", "pk": 25, "fields": {"name": "Can add massage", "content_type": 9, "codename": "add_massage"}}, {"model": "auth.permission", "pk": 26, "fields": {"name": "Can change massage", "content_type": 9, "codename": "change_massage"}}, {"model": "auth.permission", "pk": 27, "fields": {"name": "Can delete massage", "content_type": 9, "codename": "delete_massage"}}, {"model": "auth.permission", "pk": 28, "fields": {"name": "Can add forum_post", "content_type": 10, "codename": "add_forum_post"}}, {"model": "auth.permission", "pk": 29, "fields": {"name": "Can change forum_post", "content_type": 10, "codename": "change_forum_post"}}, {"model": "auth.permission", "pk": 30, "fields": {"name": "Can delete forum_post", "content_type": 10, "codename": "delete_forum_post"}}, {"model": "auth.permission", "pk": 31, "fields": {"name": "Can add forum_topic", "content_type": 11, "codename": "add_forum_topic"}}, {"model": "auth.permission", "pk": 32, "fields": {"name": "Can change forum_topic", "content_type": 11, "codename": "change_forum_topic"}}, {"model": "auth.permission", "pk": 33, "fields": {"name": "Can delete forum_topic", "content_type": 11, "codename": "delete_forum_topic"}}, {"model": "auth.user", "pk": 1, "fields": {"password": "pbkdf2_sha256$30000$RkoMr3MdVmHb$nX11gENV4/Ig21wLRc4EtqlR5MQM6LXKcOVcsIcws8M=", "last_login": "2018-05-04T19:45:50.360Z", "is_superuser": false, "username": "maxNorman", "first_name": "", "last_name": "", "email": "maxnorman.biz@gmail.com", "is_staff": false, "is_active": true, "date_joined": "2018-04-29T06:44:30.070Z", "groups": [], "user_permissions": []}}, {"model": "auth.user", "pk": 2, "fields": {"password": "pbkdf2_sha256$30000$Wce1Ja8ueweV$L8WP313fD9tEr3wRTw/iiXzFoYLcqAcjgtn7xnEBuOA=", "last_login": "2018-04-30T02:06:53.386Z", "is_superuser": false, "username": "AirplaneMan", "first_name": "", "last_name": "", "email": "maxnorman.biz@gmail.com", "is_staff": false, "is_active": true, "date_joined": "2018-04-30T02:06:53.339Z", "groups": [], "user_permissions": []}}, {"model": "auth.user", "pk": 3, "fields": {"password": "pbkdf2_sha256$30000$RFGeVw4qz7U9$1tWDLOJj2WVLKrT0z44HX7pTSavi3FPeNynJsvOPliw=", "last_login": "2018-05-04T19:48:21.801Z", "is_superuser": false, "username": "NewTestPoster", "first_name": "", "last_name": "", "email": "tets123@gmail.com", "is_staff": false, "is_active": true, "date_joined": "2018-05-01T19:50:08.472Z", "groups": [], "user_permissions": []}}, {"model": "classifieds.posting", "pk": 1, "fields": {"poster": 1, "header": "Help", "body": "Need a charger", "time": "2018-04-29T06:53:47.015Z", "active": true, "catergory": "Free", "airport": ""}}, {"model": "classifieds.posting", "pk": 2, "fields": {"poster": 1, "header": "Admirals lounge passes!", "body": "Selling 2 admirals lounge passes please pick up at D7", "time": "2018-04-30T01:59:57.273Z", "active": true, "catergory": "For Sale", "airport": ""}}, {"model": "classifieds.posting", "pk": 3, "fields": {"poster": 2, "header": "Giving away food vouchers", "body": "I have a 50 dollar voucher for this airport that expires tomorrow. Pick it up if you want it.", "time": "2018-04-30T02:08:22.293Z", "active": true, "catergory": "Free", "airport": ""}}, {"model": "classifieds.posting", "pk": 4, "fields": {"poster": 1, "header": "First POST IN PORTLAND", "body": "Our first post in for the Portland aiprort", "time": "2018-05-04T17:02:51.479Z", "active": true, "catergory": "Free", "airport": "PDX"}}, {"model": "classifieds.posting", "pk": 5, "fields": {"poster": 1, "header": "TEST LA", "body": "MY FIRST LOS ANGELES POST TEST", "time": "2018-05-04T19:31:23.169Z", "active": true, "catergory": "", "airport": "LAX"}}, {"model": "classifieds.massage", "pk": 1, "fields": {"sender": 1, "receiver": null, "text": "Test", "subject": 3, "time": "2018-04-30T15:56:56.358Z", "read": false}}, {"model": "classifieds.massage", "pk": 2, "fields": {"sender": 1, "receiver": null, "text": "Test", "subject": 3, "time": "2018-04-30T15:57:22.263Z", "read": false}}, {"model": "classifieds.massage", "pk": 3, "fields": {"sender": 1, "receiver": null, "text": "Test", "subject": 3, "time": "2018-04-30T15:57:55.289Z", "read": false}}, {"model": "classifieds.massage", "pk": 4, "fields": {"sender": 1, "receiver": null, "text": "Test", "subject": 3, "time": "2018-04-30T15:58:13.563Z", "read": false}}, {"model": "classifieds.massage", "pk": 5, "fields": {"sender": 1, "receiver": null, "text": "TEST", "subject": 3, "time": "2018-04-30T16:14:57.608Z", "read": false}}, {"model": "classifieds.massage", "pk": 6, "fields": {"sender": 1, "receiver": null, "text": "Why is this not working?", "subject": 3, "time": "2018-04-30T16:18:25.429Z", "read": false}}, {"model": "classifieds.massage", "pk": 7, "fields": {"sender": 1, "receiver": null, "text": "Trying Again", "subject": 3, "time": "2018-04-30T16:19:55.745Z", "read": false}}, {"model": "classifieds.massage", "pk": 8, "fields": {"sender": 2, "receiver": null, "text": "Yoooooo!!!", "subject": 1, "time": "2018-04-30T16:22:54.145Z", "read": false}}, {"model": "classifieds.massage", "pk": 9, "fields": {"sender": 2, "receiver": null, "text": "Hey bro!", "subject": 1, "time": "2018-04-30T16:33:40.807Z", "read": false}}, {"model": "classifieds.massage", "pk": 10, "fields": {"sender": 1, "receiver": null, "text": "TEST", "subject": 3, "time": "2018-04-30T16:39:59.584Z", "read": false}}, {"model": "classifieds.massage", "pk": 11, "fields": {"sender": 1, "receiver": 2, "text": "Finally", "subject": 3, "time": "2018-04-30T16:40:38.048Z", "read": false}}, {"model": "classifieds.massage", "pk": 12, "fields": {"sender": 2, "receiver": 2, "text": "Ok awesome I think this is working!", "subject": 3, "time": "2018-04-30T16:42:05.280Z", "read": false}}, {"model": "classifieds.massage", "pk": 13, "fields": {"sender": 3, "receiver": 1, "text": "Hey I would be very interested in these!", "subject": 2, "time": "2018-05-01T19:50:27.471Z", "read": false}}, {"model": "classifieds.massage", "pk": 14, "fields": {"sender": 3, "receiver": 2, "text": "Ooops I can see everyones messages", "subject": 3, "time": "2018-05-01T19:53:00.497Z", "read": false}}, {"model": "classifieds.massage", "pk": 15, "fields": {"sender": 3, "receiver": 2, "text": "Nvm Its fixed", "subject": 3, "time": "2018-05-01T19:54:38.177Z", "read": false}}, {"model": "classifieds.massage", "pk": 16, "fields": {"sender": null, "receiver": null, "text": "", "subject": null, "time": "2018-05-01T19:58:30.778Z", "read": false}}, {"model": "classifieds.massage", "pk": 17, "fields": {"sender": 2, "receiver": null, "text": "", "subject": 3, "time": "2018-05-01T19:58:42.168Z", "read": false}}, {"model": "classifieds.massage", "pk": 18, "fields": {"sender": 2, "receiver": null, "text": "It is showing to both. Weird", "subject": 3, "time": "2018-05-01T19:59:19.245Z", "read": false}}, {"model": "classifieds.massage", "pk": 19, "fields": {"sender": 2, "receiver": 1, "text": "HOOK IT UP BROTHER", "subject": 2, "time": "2018-05-01T20:00:11.641Z", "read": false}}, {"model": "classifieds.massage", "pk": 20, "fields": {"sender": 1, "receiver": null, "text": "Are you recieiving these", "subject": 2, "time": "2018-05-01T20:03:41.641Z", "read": false}}, {"model": "classifieds.massage", "pk": 21, "fields": {"sender": null, "receiver": null, "text": "TEST", "subject": null, "time": "2018-05-01T21:15:50.305Z", "read": false}}, {"model": "classifieds.massage", "pk": 22, "fields": {"sender": null, "receiver": null, "text": "TEST", "subject": null, "time": "2018-05-01T21:16:23.809Z", "read": false}}, {"model": "classifieds.massage", "pk": 23, "fields": {"sender": null, "receiver": null, "text": "TEST", "subject": null, "time": "2018-05-01T21:17:22.252Z", "read": false}}, {"model": "classifieds.massage", "pk": 24, "fields": {"sender": null, "receiver": null, "text": "TEST", "subject": null, "time": "2018-05-01T21:17:58.430Z", "read": false}}, {"model": "classifieds.massage", "pk": 25, "fields": {"sender": null, "receiver": null, "text": "TEST", "subject": null, "time": "2018-05-01T21:19:05.108Z", "read": false}}, {"model": "classifieds.massage", "pk": 26, "fields": {"sender": null, "receiver": null, "text": "TEST", "subject": null, "time": "2018-05-01T21:20:09.956Z", "read": false}}, {"model": "classifieds.massage", "pk": 27, "fields": {"sender": 1, "receiver": 2, "text": "TEST", "subject": 1, "time": "2018-05-01T21:20:35.403Z", "read": false}}, {"model": "classifieds.massage", "pk": 28, "fields": {"sender": 2, "receiver": 1, "text": "Hi! I have a charger", "subject": 1, "time": "2018-05-01T21:32:46.147Z", "read": false}}, {"model": "classifieds.massage", "pk": 29, "fields": {"sender": 1, "receiver": 2, "text": "Awesome! Where are you located?", "subject": 1, "time": "2018-05-01T21:33:15.963Z", "read": false}}, {"model": "classifieds.massage", "pk": 30, "fields": {"sender": 2, "receiver": 1, "text": "Your moms house!", "subject": 1, "time": "2018-05-01T21:33:43.894Z", "read": false}}, {"model": "classifieds.massage", "pk": 31, "fields": {"sender": 2, "receiver": 3, "text": "Do you see this now?", "subject": 3, "time": "2018-05-01T21:35:25.804Z", "read": false}}, {"model": "classifieds.massage", "pk": 32, "fields": {"sender": 2, "receiver": 3, "text": "Do you see this now?", "subject": 3, "time": "2018-05-01T21:35:27.203Z", "read": false}}, {"model": "classifieds.massage", "pk": 33, "fields": {"sender": 3, "receiver": 2, "text": "Yes I do", "subject": 3, "time": "2018-05-01T21:35:41.683Z", "read": false}}, {"model": "classifieds.massage", "pk": 34, "fields": {"sender": 2, "receiver": 3, "text": "", "subject": 3, "time": "2018-05-01T21:35:57.456Z", "read": false}}, {"model": "classifieds.massage", "pk": 35, "fields": {"sender": 2, "receiver": 3, "text": "", "subject": 3, "time": "2018-05-02T01:17:11.723Z", "read": false}}, {"model": "classifieds.massage", "pk": 36, "fields": {"sender": 1, "receiver": 2, "text": "Does this work", "subject": 3, "time": "2018-05-02T01:17:42.022Z", "read": false}}, {"model": "classifieds.massage", "pk": 37, "fields": {"sender": 2, "receiver": 1, "text": "Hi,", "subject": 1, "time": "2018-05-02T01:20:15.790Z", "read": false}}, {"model": "classifieds.massage", "pk": 38, "fields": {"sender": 2, "receiver": 1, "text": "I\u2019d like to join the lounge", "subject": 2, "time": "2018-05-02T01:21:32.857Z", "read": false}}, {"model": "classifieds.massage", "pk": 39, "fields": {"sender": 1, "receiver": 1, "text": "", "subject": 2, "time": "2018-05-02T01:38:34.874Z", "read": false}}, {"model": "classifieds.massage", "pk": 40, "fields": {"sender": 1, "receiver": 1, "text": "", "subject": 2, "time": "2018-05-02T01:38:58.227Z", "read": false}}, {"model": "classifieds.massage", "pk": 41, "fields": {"sender": 1, "receiver": 2, "text": "You getting these bro?", "subject": 1, "time": "2018-05-02T01:39:27.672Z", "read": false}}, {"model": "classifieds.massage", "pk": 42, "fields": {"sender": 3, "receiver": 1, "text": "TEST", "subject": 1, "time": "2018-05-02T01:40:12.008Z", "read": false}}, {"model": "classifieds.massage", "pk": 43, "fields": {"sender": 1, "receiver": 3, "text": "TEST BACK", "subject": 1, "time": "2018-05-02T01:40:36.676Z", "read": false}}, {"model": "classifieds.massage", "pk": 44, "fields": {"sender": 1, "receiver": 3, "text": "Why is a lion not evil?\r\nIntuition behind the Canonical Projective Resolution of a Quiver Representation\r\nThis party ends in tragedy (I planned it from the start, you see)\r\nWhy are the posterior and anterior inferior temporal cortex called area TEO and area TE respectively?\r\nWhy does information_schema have \"YES\" and \"NO\" character strings rather than booleans?\r\nConceptually, the lower the propellant mass fraction the better, right?\r\nIf someone under investigation is told they are not a \"Criminal Target\", what are the ways that they can later become one?\r\nReferencing modern pop culture in science fiction\r\nVisible Speech font?\r\nConfusion about blues scale and chords\r\nIs it ok to say \"this number feigns in comparison to\"\r\nPlayer wants to steal items from previous character\r\nWhat exactly is the semantic difference between set and type?\r\n\"Official\" providers of topographic maps per country\r\nWhy are multiple programming languages used in the development of one product or piece of software?", "subject": 1, "time": "2018-05-02T01:51:14.657Z", "read": false}}, {"model": "classifieds.massage", "pk": 45, "fields": {"sender": 1, "receiver": 3, "text": "", "subject": 1, "time": "2018-05-02T02:25:34.766Z", "read": false}}, {"model": "classifieds.massage", "pk": 46, "fields": {"sender": 1, "receiver": 3, "text": "", "subject": 1, "time": "2018-05-02T02:25:38.475Z", "read": false}}, {"model": "classifieds.massage", "pk": 47, "fields": {"sender": 1, "receiver": 3, "text": "", "subject": 1, "time": "2018-05-02T02:25:42.480Z", "read": false}}, {"model": "classifieds.massage", "pk": 48, "fields": {"sender": 1, "receiver": 3, "text": "", "subject": 1, "time": "2018-05-02T02:25:45.499Z", "read": false}}, {"model": "classifieds.massage", "pk": 49, "fields": {"sender": 1, "receiver": 3, "text": "", "subject": 1, "time": "2018-05-02T02:25:49.214Z", "read": false}}, {"model": "classifieds.massage", "pk": 50, "fields": {"sender": 1, "receiver": 3, "text": "", "subject": 1, "time": "2018-05-02T02:26:56.432Z", "read": false}}, {"model": "classifieds.massage", "pk": 51, "fields": {"sender": 1, "receiver": 3, "text": "", "subject": 1, "time": "2018-05-02T02:27:17.260Z", "read": false}}, {"model": "classifieds.massage", "pk": 52, "fields": {"sender": 1, "receiver": 3, "text": "", "subject": 1, "time": "2018-05-02T02:32:05.844Z", "read": false}}, {"model": "classifieds.massage", "pk": 53, "fields": {"sender": 1, "receiver": 3, "text": "", "subject": 1, "time": "2018-05-02T02:36:29.028Z", "read": false}}, {"model": "classifieds.massage", "pk": 54, "fields": {"sender": 1, "receiver": 3, "text": "", "subject": 1, "time": "2018-05-02T02:37:14.314Z", "read": false}}, {"model": "classifieds.massage", "pk": 55, "fields": {"sender": 1, "receiver": 3, "text": "", "subject": 1, "time": "2018-05-02T02:41:27.925Z", "read": false}}, {"model": "classifieds.massage", "pk": 56, "fields": {"sender": 1, "receiver": 3, "text": "", "subject": 1, "time": "2018-05-02T02:41:39.912Z", "read": false}}, {"model": "classifieds.massage", "pk": 57, "fields": {"sender": 1, "receiver": 3, "text": "", "subject": 1, "time": "2018-05-02T02:41:56.737Z", "read": false}}, {"model": "classifieds.massage", "pk": 58, "fields": {"sender": 1, "receiver": 3, "text": "", "subject": 1, "time": "2018-05-02T02:42:15.998Z", "read": false}}, {"model": "classifieds.massage", "pk": 59, "fields": {"sender": 1, "receiver": 3, "text": "", "subject": 1, "time": "2018-05-02T02:46:01.095Z", "read": false}}, {"model": "classifieds.massage", "pk": 60, "fields": {"sender": 1, "receiver": 3, "text": "Fuck", "subject": 1, "time": "2018-05-02T02:46:08.770Z", "read": false}}, {"model": "classifieds.massage", "pk": 61, "fields": {"sender": 1, "receiver": 3, "text": "Fuck", "subject": 1, "time": "2018-05-02T02:46:56.966Z", "read": false}}, {"model": "classifieds.massage", "pk": 62, "fields": {"sender": 1, "receiver": 3, "text": "", "subject": 1, "time": "2018-05-02T16:46:03.972Z", "read": false}}, {"model": "classifieds.massage", "pk": 63, "fields": {"sender": 1, "receiver": 3, "text": "", "subject": 1, "time": "2018-05-02T16:47:25.108Z", "read": false}}, {"model": "classifieds.massage", "pk": 64, "fields": {"sender": 1, "receiver": 3, "text": "Sample", "subject": 1, "time": "2018-05-02T16:47:43.064Z", "read": false}}, {"model": "classifieds.massage", "pk": 65, "fields": {"sender": 1, "receiver": 3, "text": "", "subject": 1, "time": "2018-05-02T16:50:15.563Z", "read": false}}, {"model": "classifieds.massage", "pk": 66, "fields": {"sender": 1, "receiver": 3, "text": "", "subject": 1, "time": "2018-05-02T16:52:25.973Z", "read": false}}, {"model": "classifieds.massage", "pk": 67, "fields": {"sender": 1, "receiver": 2, "text": "TEST", "subject": 1, "time": "2018-05-02T16:53:37.525Z", "read": false}}, {"model": "classifieds.massage", "pk": 68, "fields": {"sender": 1, "receiver": 2, "text": "Ok Awesome! Lets meet soon!", "subject": 2, "time": "2018-05-02T17:08:30.423Z", "read": false}}, {"model": "classifieds.massage", "pk": 69, "fields": {"sender": 2, "receiver": 1, "text": "That\u2019s awesome bro", "subject": 4, "time": "2018-05-04T17:11:58.931Z", "read": false}}, {"model": "classifieds.massage", "pk": 70, "fields": {"sender": 1, "receiver": 2, "text": "I know", "subject": 4, "time": "2018-05-04T17:12:12.157Z", "read": false}}, {"model": "classifieds.forum_topic", "pk": 1, "fields": {"airport": "PDX", "title": "TEST", "poster": 1, "catregory": "NTR"}}, {"model": "classifieds.forum_topic", "pk": 2, "fields": {"airport": "PDX", "title": "TEST2", "poster": 1, "catregory": "NTR"}}, {"model": "classifieds.forum_topic", "pk": 3, "fields": {"airport": "PDX", "title": "Attempting to link a post finally", "poster": 1, "catregory": "NTR"}}, {"model": "classifieds.forum_topic", "pk": 4, "fields": {"airport": "PDX", "title": "Portland is fun", "poster": 1, "catregory": "Things to do in the Area"}}, {"model": "classifieds.forum_topic", "pk": 5, "fields": {"airport": "PDX", "title": "I might be really dumb", "poster": 1, "catregory": "NTR"}}, {"model": "classifieds.forum_topic", "pk": 6, "fields": {"airport": "PDX", "title": "TESTING A DIFFERENT CATERGORY", "poster": 1, "catregory": "Delay Info"}}, {"model": "classifieds.forum_post", "pk": 1, "fields": {"sender": 1, "receiver": null, "text": "TEST", "subject": null, "time": "2018-05-03T19:56:55.489Z", "sticky": false}}, {"model": "classifieds.forum_post", "pk": 2, "fields": {"sender": 1, "receiver": null, "text": "TESTEST", "subject": null, "time": "2018-05-04T15:33:43.672Z", "sticky": false}}, {"model": "classifieds.forum_post", "pk": 3, "fields": {"sender": 1, "receiver": null, "text": "Trying!", "subject": 3, "time": "2018-05-04T15:47:20.277Z", "sticky": false}}, {"model": "classifieds.forum_post", "pk": 4, "fields": {"sender": 1, "receiver": null, "text": "Youre still trying...", "subject": 3, "time": "2018-05-04T16:04:25.571Z", "sticky": false}}, {"model": "classifieds.forum_post", "pk": 5, "fields": {"sender": 1, "receiver": null, "text": "STILL TRYING", "subject": 3, "time": "2018-05-04T16:05:08.003Z", "sticky": false}}, {"model": "classifieds.forum_post", "pk": 6, "fields": {"sender": 1, "receiver": 1, "text": "This will work. I cannot spell", "subject": 3, "time": "2018-05-04T16:06:02.681Z", "sticky": false}}, {"model": "classifieds.forum_post", "pk": 7, "fields": {"sender": 2, "receiver": 1, "text": "You\u2019re dumb as fuck", "subject": 3, "time": "2018-05-04T16:10:24.954Z", "sticky": false}}, {"model": "classifieds.forum_post", "pk": 8, "fields": {"sender": 1, "receiver": 2, "text": "Ok well lets fix the case sensitivity issues", "subject": 3, "time": "2018-05-04T16:10:55.956Z", "sticky": false}}, {"model": "classifieds.forum_post", "pk": 9, "fields": {"sender": 2, "receiver": 1, "text": "Oh you fucking bet we will", "subject": 3, "time": "2018-05-04T16:11:14.592Z", "sticky": false}}, {"model": "classifieds.forum_post", "pk": 10, "fields": {"sender": 1, "receiver": null, "text": "FUN", "subject": 4, "time": "2018-05-04T17:22:56.292Z", "sticky": false}}, {"model": "classifieds.forum_post", "pk": 11, "fields": {"sender": 1, "receiver": null, "text": "Am I dumb??", "subject": 5, "time": "2018-05-04T17:31:17.561Z", "sticky": false}}, {"model": "classifieds.forum_post", "pk": 12, "fields": {"sender": 1, "receiver": null, "text": "TEST", "subject": 6, "time": "2018-05-04T19:24:29.991Z", "sticky": false}}, {"model": "classifieds.profile", "pk": 1, "fields": {"user": 1, "rep": 0}}, {"model": "classifieds.profile", "pk": 2, "fields": {"user": 2, "rep": 0}}, {"model": "classifieds.profile", "pk": 3, "fields": {"user": 3, "rep": 0}}]